{
  "generation": 32,
  "fitness": 1.6842414140701294,
  "params": {
    "W": 0.03161792457103729,
    "alpha": 0.9026595950126648,
    "beta": 0.2639048397541046,
    "selfEx": 0.09112748503684998,
    "epsilon": 0.004999999888241291,
    "retain": 0.20000000298023224,
    "phaseInertia": 1.3307039737701416
  }
}