{
  "generation": 1,
  "fitness": 1.8275943994522095,
  "params": {
    "W": 0.013520840555429459,
    "alpha": 0.8432535529136658,
    "beta": 0.10625484585762024,
    "selfEx": 0.06480070948600769,
    "epsilon": 0.026495767757296562,
    "retain": 0.6160844564437866,
    "phaseInertia": 1.796857237815857
  }
}