{
  "generation": 0,
  "fitness": 0.06818887591362,
  "experiment": "temporal_v1",
  "symmetry_break": null,
  "params": {
    "W": 0.032499998807907104,
    "alpha": 0.8429999947547913,
    "beta": 0.48500001430511475,
    "selfEx": 0.05999999865889549,
    "epsilon": 0.035000000149011605,
    "retain": 0.6000000238418579,
    "phaseInertia": 1.25,
    "edgeGain": 8.0,
    "driveAmp": 1.0,
    "cueAmp": 0.30000001192092896,
    "cycleLen": 500.0,
    "dayFrac": 0.5,
    "kAlign": 0.4300000071525574,
    "persistAlpha": 0.2800000011920929,
    "omegaLearn": 0.11999999731779099,
    "edgeDecay": 0.0007999999797903001,
    "driveRamp": 32.0,
    "driveClamp": 0.5,
    "tauC": 0.44999998807907104
  },
  "eval_episode_seeds": [
    2130820522
  ],
  "eval_slot": 0
}