{
  "generation": 1,
  "fitness": 1.862027645111084,
  "params": {
    "W": 0.08902404457330704,
    "alpha": 0.8831756711006165,
    "beta": 0.5944395065307617,
    "selfEx": 0.13648882508277893,
    "epsilon": 0.004999999888241291,
    "retain": 0.5430951714515686,
    "phaseInertia": 2.819432258605957
  }
}