{
  "generation": 22,
  "fitness": 0.12271428853273392,
  "experiment": "symmetry_v1",
  "symmetry_break": "spatial",
  "params": {
    "W": 0.0001936431905558608,
    "alpha": 0.999,
    "beta": 0.014554931581329106,
    "selfEx": 0.05964705618693908,
    "epsilon": 0.001,
    "retain": 0.47053243402679434,
    "phaseInertia": 5.381235524315855
  },
  "eval_episode_seeds": [
    1460803065
  ],
  "eval_slot": 8
}