{
  "generation": 15,
  "fitness": 0.23216964304447174,
  "experiment": "symmetry_v1",
  "symmetry_break": "spatial",
  "params": {
    "W": 0.0008747021123923576,
    "alpha": 0.82,
    "beta": 0.8,
    "selfEx": 0.11711732005880483,
    "epsilon": 0.0010605680267869839,
    "retain": 0.8469538075140173,
    "phaseInertia": 5.0
  },
  "eval_episode_seeds": [
    54542165
  ],
  "eval_slot": 9
}