{
  "generation": 23,
  "fitness": 0.02506973221898079,
  "experiment": "temporal_v1",
  "symmetry_break": null,
  "active_param_names": [
    "epsilon",
    "beta",
    "driveAmp",
    "cycleLen",
    "kAlign",
    "tauC"
  ],
  "active_params": {
    "epsilon": 0.008374012316191963,
    "beta": 0.41352181521629716,
    "driveAmp": 2.28052462604696,
    "cycleLen": 490.92953372063613,
    "kAlign": 0.7571730018439665,
    "tauC": 0.32346812458257873
  },
  "frozen_params": {
    "W": 0.0325,
    "alpha": 0.843,
    "selfEx": 0.06,
    "retain": 0.6,
    "phaseInertia": 1.25,
    "edgeGain": 8.0,
    "cueAmp": 0.3,
    "dayFrac": 0.5,
    "persistAlpha": 0.28,
    "omegaLearn": 0.12,
    "edgeDecay": 0.0008,
    "driveRamp": 32.0,
    "driveClamp": 0.5,
    "phi": 0.0,
    "triWeight": 0.52,
    "eta": 0.0,
    "drivePer": 80.0,
    "taskCycles": 2.0,
    "warmupFrac": 0.375,
    "spatialBias": 1.0
  },
  "resolved_params": {
    "W": 0.0325,
    "alpha": 0.843,
    "beta": 0.41352181521629716,
    "selfEx": 0.06,
    "epsilon": 0.008374012316191963,
    "retain": 0.6,
    "phaseInertia": 1.25,
    "edgeGain": 8.0,
    "driveAmp": 2.28052462604696,
    "cueAmp": 0.3,
    "cycleLen": 490.92953372063613,
    "dayFrac": 0.5,
    "kAlign": 0.7571730018439665,
    "persistAlpha": 0.28,
    "omegaLearn": 0.12,
    "edgeDecay": 0.0008,
    "driveRamp": 32.0,
    "driveClamp": 0.5,
    "tauC": 0.32346812458257873,
    "phi": 0.0,
    "triWeight": 0.52,
    "eta": 0.0,
    "drivePer": 80.0,
    "taskCycles": 2.0,
    "warmupFrac": 0.375,
    "spatialBias": 1.0
  },
  "eval_episode_seeds": [
    362475568
  ],
  "eval_slot": 0
}